{"cameraMode":{"drawMode":0,"name":"Shaded","section":"Shading Mode"},"sceneLighting":true,"audioPlay":false,"sceneViewState":{"showFog":true,"showMaterialUpdate":false,"showSkybox":true,"showFlares":true,"showImageEffects":true,"showParticleSystems":true,"showVisualEffectGraphs":true,"m_FxEnabled":true},"in2DMode":false,"pivot":{"x":0.7460660934448242,"y":-0.2662382125854492,"z":-0.17576435208320619},"rotation":{"x":-0.24200324714183808,"y":0.6266156435012817,"z":-0.21379821002483369,"w":-0.7092798948287964},"size":6.358492374420166,"orthographic":false}